Kierunek;Czas;b.moto;c.osobowe;c3.mikrobusy;d.dostawcze;e.ciezarowe;f.ciezarowe.z.naczepami;g.autobusy;h.rolne;rowery;hulajnogi;pieszy;pieszy potrzeby
B;2026-05-27 00:00;0;2;0;0;0;0;0;0;0;0;0;0
B;2026-05-27 01:00;0;1;0;0;0;1;0;0;0;0;0;0
B;2026-05-27 02:00;0;1;0;2;0;1;0;0;0;0;0;0
B;2026-05-27 03:00;0;1;0;0;0;0;0;0;0;0;0;0
B;2026-05-27 04:00;0;1;0;3;0;0;1;0;0;0;0;0
B;2026-05-27 05:00;0;9;0;1;0;0;3;0;0;0;0;0
B;2026-05-27 06:00;0;74;0;2;0;0;2;0;2;0;0;0
B;2026-05-27 07:00;1;141;0;2;0;0;2;0;5;0;2;0
B;2026-05-27 08:00;1;105;0;1;0;0;1;0;3;0;6;0
B;2026-05-27 09:00;0;106;0;8;1;1;1;0;4;0;4;0
B;2026-05-27 10:00;2;81;0;3;0;0;2;0;2;0;4;0
B;2026-05-27 11:00;1;92;0;3;2;0;1;0;0;0;0;0
B;2026-05-27 12:00;0;113;0;4;1;0;2;0;0;0;0;0
B;2026-05-27 13:00;0;104;0;1;2;0;2;0;0;0;0;0
B;2026-05-27 14:00;3;129;0;1;0;0;2;0;0;0;0;0
B;2026-05-27 15:00;0;122;0;2;0;0;2;0;0;0;0;0
B;2026-05-27 16:00;1;126;0;5;0;0;1;0;0;0;0;0
B;2026-05-27 17:00;0;136;0;2;0;0;3;0;0;0;0;0
B;2026-05-27 18:00;0;157;0;2;0;0;1;0;0;0;0;0
B;2026-05-27 19:00;1;151;0;3;0;0;1;0;0;0;0;0
B;2026-05-27 20:00;0;98;0;1;0;0;1;0;0;0;0;0
B;2026-05-27 21:00;2;78;0;0;0;0;2;0;0;0;0;0
B;2026-05-27 22:00;0;19;0;0;0;0;2;0;0;0;0;0
B;2026-05-27 23:00;0;2;0;0;0;0;0;0;0;0;0;0
A;2026-05-27 00:00;0;1;0;0;0;0;0;0;0;0;0;0
A;2026-05-27 01:00;0;0;0;7;0;0;0;0;0;0;0;0
A;2026-05-27 02:00;0;1;0;1;0;0;0;0;0;0;0;0
A;2026-05-27 03:00;0;1;0;0;0;0;0;0;0;0;0;0
A;2026-05-27 04:00;0;0;0;0;0;0;0;0;0;0;0;0
A;2026-05-27 05:00;0;16;0;0;0;0;0;0;1;0;0;0
A;2026-05-27 06:00;1;45;0;2;0;0;0;0;0;0;2;0
A;2026-05-27 07:00;0;57;0;2;0;0;0;0;3;0;2;0
A;2026-05-27 08:00;0;59;0;1;0;0;0;0;0;0;2;0
A;2026-05-27 09:00;0;52;0;3;0;0;0;0;2;0;3;0
A;2026-05-27 10:00;0;44;0;2;0;0;0;0;1;0;3;0
A;2026-05-27 11:00;0;68;0;3;0;0;0;0;1;0;0;0
A;2026-05-27 12:00;0;41;0;3;1;0;0;0;3;0;2;0
A;2026-05-27 13:00;1;48;0;4;2;0;0;0;2;0;1;0
A;2026-05-27 14:00;0;50;0;3;0;0;0;0;6;1;3;0
A;2026-05-27 15:00;0;62;0;4;1;0;0;0;2;0;6;0
A;2026-05-27 16:00;0;59;0;4;0;0;0;0;6;0;7;1
A;2026-05-27 17:00;0;64;0;2;0;0;0;0;8;0;6;0
A;2026-05-27 18:00;0;67;0;0;0;0;0;0;5;1;4;1
A;2026-05-27 19:00;0;63;0;3;1;0;1;0;5;1;9;0
A;2026-05-27 20:00;0;47;0;1;0;0;0;0;3;0;0;0
A;2026-05-27 21:00;0;27;0;0;0;0;0;0;0;0;5;0
A;2026-05-27 22:00;0;9;0;0;0;0;0;0;0;0;0;0
A;2026-05-27 23:00;0;4;0;1;0;0;0;0;0;0;0;0
C;2026-05-27 00:00;0;0;0;0;0;0;0;0;0;0;0;0
C;2026-05-27 01:00;0;0;0;1;0;0;0;0;0;0;0;0
C;2026-05-27 02:00;0;0;0;0;0;0;0;0;0;0;0;0
C;2026-05-27 03:00;0;0;0;0;0;0;0;0;0;0;0;0
C;2026-05-27 04:00;0;0;0;0;0;0;0;0;0;0;0;0
C;2026-05-27 05:00;0;0;0;0;1;0;0;0;0;0;0;0
C;2026-05-27 06:00;1;11;0;0;0;0;0;0;0;0;2;0
C;2026-05-27 07:00;0;16;0;1;0;0;0;0;0;0;0;0
C;2026-05-27 08:00;0;23;0;0;0;0;0;0;0;0;1;0
C;2026-05-27 09:00;0;21;0;1;0;0;0;0;1;0;0;0
C;2026-05-27 10:00;0;31;0;1;1;0;0;0;1;0;1;0
C;2026-05-27 11:00;0;17;0;5;0;0;0;0;0;0;2;1
C;2026-05-27 12:00;1;28;0;2;0;0;0;0;0;0;2;0
C;2026-05-27 13:00;0;32;0;2;0;0;0;0;1;0;0;0
C;2026-05-27 14:00;2;21;0;1;0;0;0;0;1;0;1;0
C;2026-05-27 15:00;0;48;0;0;0;0;0;0;0;0;0;0
C;2026-05-27 16:00;0;31;0;2;0;0;0;0;1;0;2;0
C;2026-05-27 17:00;1;42;0;0;0;0;0;0;3;0;6;0
C;2026-05-27 18:00;0;42;0;0;0;0;0;0;0;0;1;0
C;2026-05-27 19:00;0;37;0;0;0;0;0;0;4;0;0;0
C;2026-05-27 20:00;1;30;0;0;0;0;0;0;0;0;0;0
C;2026-05-27 21:00;0;21;0;0;0;0;0;0;0;0;1;0
C;2026-05-27 22:00;0;6;0;0;0;0;0;0;0;0;0;0
C;2026-05-27 23:00;0;1;0;0;0;0;0;0;0;0;0;0
E;2026-05-27 00:00;0;8;0;4;1;7;0;0;0;0;0;0
E;2026-05-27 01:00;0;6;0;1;2;9;0;0;0;0;0;0
E;2026-05-27 02:00;0;5;0;3;2;7;0;0;0;0;0;0
E;2026-05-27 03:00;0;7;0;5;0;10;0;0;0;0;0;0
E;2026-05-27 04:00;1;28;0;4;4;7;0;0;0;0;0;0
E;2026-05-27 05:00;1;114;0;10;8;20;1;0;0;0;0;0
E;2026-05-27 06:00;0;197;0;17;10;19;0;0;5;0;0;0
E;2026-05-27 07:00;6;248;1;25;15;38;2;0;2;0;0;0
E;2026-05-27 08:00;1;210;0;36;17;28;4;0;0;0;0;0
E;2026-05-27 09:00;0;164;0;14;27;38;1;0;0;0;0;0
E;2026-05-27 10:00;1;124;2;20;23;32;2;0;1;0;0;0
E;2026-05-27 11:00;1;109;0;22;31;49;1;1;2;0;0;0
E;2026-05-27 12:00;0;121;0;23;33;34;0;0;0;0;4;0
E;2026-05-27 13:00;1;128;3;19;26;25;1;0;2;0;0;0
E;2026-05-27 14:00;4;191;0;14;16;32;1;0;5;0;2;0
E;2026-05-27 15:00;4;227;1;16;17;26;4;1;1;0;1;0
E;2026-05-27 16:00;6;207;0;10;15;24;2;1;5;0;4;0
E;2026-05-27 17:00;1;204;1;15;8;34;1;1;10;0;2;0
E;2026-05-27 18:00;1;188;1;9;2;15;0;0;9;0;1;0
E;2026-05-27 19:00;2;146;0;8;4;13;2;0;8;0;2;0
E;2026-05-27 20:00;1;119;0;9;3;6;1;0;1;0;0;0
E;2026-05-27 21:00;1;85;0;2;1;9;0;0;1;0;0;0
E;2026-05-27 22:00;1;54;0;2;0;6;0;0;1;0;0;0
E;2026-05-27 23:00;0;28;0;3;3;5;0;0;0;0;0;0
D;2026-05-27 00:00;0;3;0;1;0;0;0;0;0;0;0;0
D;2026-05-27 01:00;0;0;0;0;0;0;0;0;0;0;0;0
D;2026-05-27 02:00;0;0;0;0;0;0;0;0;0;0;0;0
D;2026-05-27 03:00;0;2;0;2;0;0;0;0;0;0;0;0
D;2026-05-27 04:00;0;1;0;1;0;0;0;0;0;0;0;0
D;2026-05-27 05:00;0;5;1;0;0;0;5;0;0;0;0;0
D;2026-05-27 06:00;0;32;1;2;0;1;4;0;2;0;0;0
D;2026-05-27 07:00;0;41;0;3;0;1;4;0;4;0;0;0
D;2026-05-27 08:00;1;48;0;4;8;1;5;0;1;0;0;0
D;2026-05-27 09:00;0;38;0;4;3;0;5;0;1;0;0;0
D;2026-05-27 10:00;0;34;0;2;1;0;5;0;2;0;0;0
D;2026-05-27 11:00;1;36;0;2;7;1;4;0;7;0;0;0
D;2026-05-27 12:00;0;34;0;3;0;1;3;0;5;0;0;0
D;2026-05-27 13:00;0;33;1;1;0;1;5;0;3;0;0;0
D;2026-05-27 14:00;0;50;1;3;0;0;4;1;3;0;0;0
D;2026-05-27 15:00;0;82;0;0;0;0;5;0;4;0;0;0
D;2026-05-27 16:00;0;52;0;4;0;0;3;0;2;0;0;0
D;2026-05-27 17:00;1;58;1;1;0;0;4;0;3;0;0;0
D;2026-05-27 18:00;1;66;0;3;0;0;2;0;2;0;1;0
D;2026-05-27 19:00;0;64;0;3;0;0;3;0;0;0;0;0
D;2026-05-27 20:00;1;48;0;2;0;0;3;0;2;0;1;0
D;2026-05-27 21:00;3;25;0;1;0;0;2;0;2;0;0;0
D;2026-05-27 22:00;0;23;0;0;1;0;3;0;1;0;0;0
D;2026-05-27 23:00;0;5;0;0;0;0;0;0;0;0;0;0
F;2026-05-27 00:00;0;0;0;0;0;0;0;0;0;0;0;0
F;2026-05-27 01:00;0;0;0;0;0;0;0;0;0;0;0;0
F;2026-05-27 02:00;0;0;0;0;0;0;0;0;0;0;0;0
F;2026-05-27 03:00;0;0;0;1;0;0;0;0;0;0;0;0
F;2026-05-27 04:00;0;1;0;0;0;0;0;0;1;0;0;0
F;2026-05-27 05:00;2;6;0;1;0;0;0;0;0;0;0;0
F;2026-05-27 06:00;4;23;0;1;0;0;0;0;2;0;0;0
F;2026-05-27 07:00;1;39;0;1;1;0;0;0;2;0;0;0
F;2026-05-27 08:00;0;40;0;4;1;0;0;1;0;0;0;0
F;2026-05-27 09:00;0;32;0;1;1;0;0;0;0;0;0;0
F;2026-05-27 10:00;1;33;0;2;1;1;0;1;4;0;0;0
F;2026-05-27 11:00;1;44;0;2;2;0;0;0;4;0;0;0
F;2026-05-27 12:00;1;23;0;1;0;0;0;0;4;0;0;0
F;2026-05-27 13:00;1;23;0;0;1;1;0;0;3;0;0;0
F;2026-05-27 14:00;2;35;0;5;0;0;0;0;3;0;0;0
F;2026-05-27 15:00;2;44;1;2;2;0;0;0;7;0;0;0
F;2026-05-27 16:00;3;47;0;3;0;0;0;0;5;0;0;0
F;2026-05-27 17:00;1;65;0;1;0;0;0;0;4;0;0;0
F;2026-05-27 18:00;0;63;0;1;1;0;0;0;4;0;0;0
F;2026-05-27 19:00;2;48;0;1;0;0;0;0;0;0;0;0
F;2026-05-27 20:00;1;34;0;1;0;0;0;0;1;0;0;0
F;2026-05-27 21:00;1;18;0;0;0;0;0;0;2;0;0;0
F;2026-05-27 22:00;0;3;0;0;0;0;0;0;0;0;0;0
F;2026-05-27 23:00;0;1;0;0;0;0;0;0;0;0;0;0
G;2026-05-27 00:00;0;2;0;6;1;0;0;0;0;0;3;0
G;2026-05-27 01:00;0;1;0;4;0;0;0;0;0;0;0;0
G;2026-05-27 02:00;0;0;0;0;0;0;0;0;0;0;0;0
G;2026-05-27 03:00;0;1;0;1;0;0;0;0;0;0;0;0
G;2026-05-27 04:00;0;8;0;1;0;0;0;0;0;0;0;0
G;2026-05-27 05:00;0;14;0;0;1;0;0;0;2;0;4;0
G;2026-05-27 06:00;0;79;0;5;0;0;0;0;5;0;2;0
G;2026-05-27 07:00;1;72;0;3;1;0;0;1;2;0;1;0
G;2026-05-27 08:00;0;46;0;3;1;1;0;0;2;0;1;0
G;2026-05-27 09:00;1;62;0;7;2;1;0;0;3;0;0;0
G;2026-05-27 10:00;0;60;0;3;0;0;0;0;0;0;0;0
G;2026-05-27 11:00;1;75;0;6;1;1;0;0;2;0;1;0
G;2026-05-27 12:00;1;67;0;5;1;0;0;0;0;0;3;0
G;2026-05-27 13:00;0;101;0;3;1;1;0;0;2;0;1;0
G;2026-05-27 14:00;0;121;1;2;0;0;0;0;1;0;4;1
G;2026-05-27 15:00;0;163;0;5;0;0;0;0;12;0;5;0
G;2026-05-27 16:00;0;165;0;3;0;0;0;0;11;1;1;1
G;2026-05-27 17:00;1;145;0;2;0;0;0;0;10;1;4;0
G;2026-05-27 18:00;0;126;0;1;0;0;0;0;0;0;6;0
G;2026-05-27 19:00;0;121;0;3;0;0;0;0;7;0;3;0
G;2026-05-27 20:00;1;85;0;0;0;0;0;0;0;1;0;0
G;2026-05-27 21:00;0;50;0;0;0;0;0;0;0;0;0;0
G;2026-05-27 22:00;0;23;0;1;0;0;0;0;0;0;0;0
G;2026-05-27 23:00;0;5;0;3;0;0;0;0;0;0;0;0
I;2026-05-27 00:00;0;15;0;1;0;1;0;0;0;0;0;0
I;2026-05-27 01:00;0;11;0;0;0;2;0;0;0;0;0;0
I;2026-05-27 02:00;0;5;0;4;1;6;0;0;0;0;0;0
I;2026-05-27 03:00;0;8;0;4;0;8;0;0;0;0;0;0
I;2026-05-27 04:00;0;26;1;9;2;14;0;0;0;0;0;0
I;2026-05-27 05:00;1;116;0;13;3;16;1;0;0;0;0;0
I;2026-05-27 06:00;4;173;0;25;20;24;0;1;0;0;0;0
I;2026-05-27 07:00;1;124;1;23;29;24;4;1;0;0;0;0
I;2026-05-27 08:00;0;104;0;30;36;23;4;1;2;0;0;0
I;2026-05-27 09:00;3;78;0;15;28;23;1;0;0;0;0;0
I;2026-05-27 10:00;0;87;0;22;32;38;2;1;1;0;0;0
I;2026-05-27 11:00;0;100;0;18;23;31;0;2;1;0;0;0
I;2026-05-27 12:00;1;105;1;14;25;25;4;1;1;0;0;0
I;2026-05-27 13:00;4;122;0;21;29;21;2;0;3;0;0;0
I;2026-05-27 14:00;2;163;0;21;21;22;2;0;3;0;0;0
I;2026-05-27 15:00;2;187;2;25;19;14;1;0;3;0;0;0
I;2026-05-27 16:00;6;191;1;11;13;20;2;1;6;0;0;0
I;2026-05-27 17:00;1;161;0;10;8;16;6;0;4;0;1;0
I;2026-05-27 18:00;3;128;0;10;10;18;0;0;3;0;0;0
I;2026-05-27 19:00;2;131;0;4;3;5;0;0;0;0;0;0
I;2026-05-27 20:00;1;113;0;9;3;9;1;0;1;0;0;0
I;2026-05-27 21:00;1;85;0;6;1;6;0;0;0;0;0;0
I;2026-05-27 22:00;1;50;0;3;0;1;1;0;0;0;1;0
I;2026-05-27 23:00;0;23;0;1;0;6;0;0;0;0;0;0
J;2026-05-27 00:00;0;19;0;4;0;1;1;0;0;0;0;0
J;2026-05-27 01:00;0;11;0;0;0;1;0;0;0;0;0;0
J;2026-05-27 02:00;0;7;0;1;0;0;0;0;0;0;0;0
J;2026-05-27 03:00;0;6;0;0;0;0;1;0;0;0;0;0
J;2026-05-27 04:00;0;16;0;1;0;0;1;0;0;0;0;0
J;2026-05-27 05:00;1;122;0;12;0;0;3;0;1;0;0;0
J;2026-05-27 06:00;2;249;0;17;0;5;4;0;0;0;1;0
J;2026-05-27 07:00;3;290;0;19;3;0;5;1;0;0;0;0
J;2026-05-27 08:00;3;311;0;23;3;1;5;0;1;0;0;0
J;2026-05-27 09:00;2;323;0;20;1;2;5;0;0;0;0;0
J;2026-05-27 10:00;2;295;0;6;6;2;7;0;2;0;0;0
J;2026-05-27 11:00;2;291;0;16;4;1;4;0;2;0;0;0
J;2026-05-27 12:00;4;286;1;13;1;1;8;0;0;0;5;0
J;2026-05-27 13:00;0;328;0;12;2;1;6;1;3;0;0;0
J;2026-05-27 14:00;5;454;0;13;2;4;11;0;1;1;3;0
J;2026-05-27 15:00;7;460;0;11;0;0;7;0;1;0;1;0
J;2026-05-27 16:00;9;467;0;10;0;0;6;0;2;0;0;0
J;2026-05-27 17:00;5;385;0;9;0;0;6;0;3;0;5;0
J;2026-05-27 18:00;4;351;0;8;0;0;3;0;9;0;4;0
J;2026-05-27 19:00;4;311;0;2;0;0;2;0;4;2;1;0
J;2026-05-27 20:00;7;273;0;4;0;0;4;0;0;0;0;0
J;2026-05-27 21:00;5;189;0;2;1;0;4;0;0;0;1;0
J;2026-05-27 22:00;2;118;0;2;0;0;2;0;0;0;1;0
J;2026-05-27 23:00;0;46;0;2;0;1;1;0;0;0;0;0
H;2026-05-27 00:00;0;1;0;0;0;0;0;0;0;0;0;0
H;2026-05-27 01:00;0;1;0;0;0;0;0;0;0;0;0;0
H;2026-05-27 02:00;0;0;0;0;0;1;0;0;0;0;0;0
H;2026-05-27 03:00;0;2;0;1;0;0;0;0;0;0;0;0
H;2026-05-27 04:00;0;3;0;0;1;1;0;0;1;0;0;0
H;2026-05-27 05:00;0;52;0;0;0;4;2;0;3;0;0;0
H;2026-05-27 06:00;6;179;1;10;3;2;0;0;3;0;0;0
H;2026-05-27 07:00;1;142;1;18;1;1;3;0;6;0;1;0
H;2026-05-27 08:00;1;132;0;14;4;1;1;0;4;0;1;0
H;2026-05-27 09:00;2;97;0;17;3;4;1;0;0;0;2;0
H;2026-05-27 10:00;0;108;0;12;2;3;0;0;2;0;1;0
H;2026-05-27 11:00;3;93;1;14;1;1;0;0;5;0;4;0
H;2026-05-27 12:00;0;108;0;18;2;3;3;0;2;0;2;0
H;2026-05-27 13:00;1;104;0;13;4;3;0;0;8;0;3;0
H;2026-05-27 14:00;4;201;0;12;2;0;1;0;3;0;3;0
H;2026-05-27 15:00;3;226;0;9;1;0;1;0;8;0;2;0
H;2026-05-27 16:00;6;206;0;11;2;1;1;0;9;0;2;0
H;2026-05-27 17:00;5;160;0;6;0;0;0;0;12;0;0;0
H;2026-05-27 18:00;3;139;0;2;0;2;1;0;17;0;1;0
H;2026-05-27 19:00;0;95;0;5;0;0;0;0;9;0;3;0
H;2026-05-27 20:00;1;97;0;0;0;2;0;0;4;0;1;0
H;2026-05-27 21:00;2;47;0;2;0;0;2;0;0;0;0;0
H;2026-05-27 22:00;1;19;0;0;0;0;1;0;0;0;0;0
H;2026-05-27 23:00;0;10;0;1;0;0;0;0;0;0;0;0
M;2026-05-27 00:00;0;10;0;0;0;0;0;0;0;0;0;0
M;2026-05-27 01:00;0;3;0;1;0;0;0;0;0;0;0;0
M;2026-05-27 02:00;0;2;0;0;0;0;0;0;0;0;0;0
M;2026-05-27 03:00;0;4;0;1;0;0;0;0;0;0;0;0
M;2026-05-27 04:00;0;12;0;1;0;0;0;0;0;0;0;0
M;2026-05-27 05:00;1;68;0;5;0;0;0;0;1;0;1;0
M;2026-05-27 06:00;1;155;0;10;0;0;0;0;2;0;2;0
M;2026-05-27 07:00;1;195;0;9;1;0;0;0;2;0;3;1
M;2026-05-27 08:00;1;178;0;5;0;0;0;0;1;1;5;0
M;2026-05-27 09:00;1;157;0;8;1;0;0;0;1;1;4;0
M;2026-05-27 10:00;1;159;0;9;2;0;0;0;0;0;6;1
M;2026-05-27 11:00;3;174;0;5;0;0;0;0;3;0;11;0
M;2026-05-27 12:00;2;137;0;5;0;0;0;0;0;0;4;1
M;2026-05-27 13:00;1;174;1;11;0;0;0;0;3;1;10;1
M;2026-05-27 14:00;4;172;1;7;0;0;0;0;4;0;8;1
M;2026-05-27 15:00;2;128;1;4;1;0;0;0;6;0;7;1
M;2026-05-27 16:00;3;140;0;4;0;0;0;0;0;1;10;2
M;2026-05-27 17:00;2;151;0;5;0;0;0;0;5;0;17;0
M;2026-05-27 18:00;3;170;0;3;0;0;0;0;10;1;16;0
M;2026-05-27 19:00;1;124;0;5;0;0;0;0;6;0;15;0
M;2026-05-27 20:00;2;100;0;3;0;0;0;0;8;0;12;0
M;2026-05-27 21:00;2;69;0;0;0;0;0;0;3;0;1;0
M;2026-05-27 22:00;1;73;1;1;0;0;0;0;0;0;0;0
M;2026-05-27 23:00;0;29;0;0;0;0;0;0;0;0;0;0
K;2026-05-27 00:00;0;4;0;0;0;0;0;0;0;0;0;0
K;2026-05-27 01:00;0;0;0;0;0;1;0;0;0;0;0;0
K;2026-05-27 02:00;0;2;0;0;0;0;0;0;0;0;0;0
K;2026-05-27 03:00;0;0;0;0;0;1;0;0;0;0;0;0
K;2026-05-27 04:00;0;2;0;1;0;0;2;0;0;0;0;0
K;2026-05-27 05:00;0;13;0;1;0;0;2;0;0;0;0;0
K;2026-05-27 06:00;0;39;1;2;0;0;3;0;0;0;0;0
K;2026-05-27 07:00;0;107;0;6;0;1;2;0;0;0;0;0
K;2026-05-27 08:00;1;132;0;3;0;0;1;0;0;0;0;0
K;2026-05-27 09:00;0;90;0;3;0;1;1;0;0;0;0;0
K;2026-05-27 10:00;0;108;1;1;2;0;2;0;0;0;0;0
K;2026-05-27 11:00;0;116;0;2;2;0;1;0;0;0;0;0
K;2026-05-27 12:00;0;106;0;4;2;0;2;0;0;0;0;0
K;2026-05-27 13:00;1;122;0;4;1;0;2;0;0;0;0;0
K;2026-05-27 14:00;1;168;0;1;1;0;2;0;0;0;0;0
K;2026-05-27 15:00;0;156;0;4;0;0;1;0;0;0;0;0
K;2026-05-27 16:00;0;162;0;2;0;0;3;0;0;0;0;0
K;2026-05-27 17:00;0;147;0;2;0;0;2;0;0;0;0;0
K;2026-05-27 18:00;0;184;0;1;0;0;1;0;0;0;0;0
K;2026-05-27 19:00;0;148;0;2;0;0;2;0;0;0;0;0
K;2026-05-27 20:00;3;94;0;1;0;0;1;0;0;0;0;0
K;2026-05-27 21:00;1;48;0;0;0;0;3;0;0;0;0;0
K;2026-05-27 22:00;0;29;0;0;0;1;1;0;0;0;0;0
K;2026-05-27 23:00;0;10;0;1;0;0;0;0;0;0;0;0
L;2026-05-27 00:00;0;9;0;0;0;0;0;0;0;0;0;0
L;2026-05-27 01:00;0;6;0;1;0;0;0;0;0;0;0;0
L;2026-05-27 02:00;0;10;0;3;0;0;0;0;0;0;0;0
L;2026-05-27 03:00;0;6;0;1;0;0;1;0;0;0;0;0
L;2026-05-27 04:00;0;15;0;2;0;0;1;0;0;0;0;0
L;2026-05-27 05:00;0;58;0;3;0;0;3;0;0;0;0;0
L;2026-05-27 06:00;1;120;0;15;2;0;3;1;8;0;0;0
L;2026-05-27 07:00;0;156;0;18;4;2;6;0;10;0;1;0
L;2026-05-27 08:00;1;152;2;22;2;0;2;0;5;0;2;0
L;2026-05-27 09:00;0;131;0;13;6;1;6;1;16;0;2;0
L;2026-05-27 10:00;0;124;0;16;5;2;3;0;2;0;1;0
L;2026-05-27 11:00;1;134;0;17;9;1;3;0;0;0;0;0
L;2026-05-27 12:00;4;127;1;16;4;0;2;0;0;0;0;0
L;2026-05-27 13:00;3;154;0;12;5;2;5;0;0;0;0;0
L;2026-05-27 14:00;1;151;0;12;6;1;3;0;0;0;0;0
L;2026-05-27 15:00;6;155;0;10;1;1;3;0;0;0;0;0
L;2026-05-27 16:00;3;130;0;6;2;0;4;0;0;0;0;0
L;2026-05-27 17:00;3;138;4;8;0;0;4;0;0;0;0;0
L;2026-05-27 18:00;4;146;1;3;1;0;1;0;0;0;0;0
L;2026-05-27 19:00;1;151;0;3;1;0;3;0;0;0;0;0
L;2026-05-27 20:00;1;119;0;8;1;0;2;0;0;0;0;0
L;2026-05-27 21:00;0;71;0;6;0;0;3;0;0;0;0;0
L;2026-05-27 22:00;0;79;2;1;1;0;3;0;0;0;0;0
L;2026-05-27 23:00;0;29;1;2;0;0;0;0;0;0;0;0
N;2026-05-27 00:00;0;0;0;0;0;0;0;0;0;0;0;0
N;2026-05-27 01:00;0;2;0;0;0;0;0;0;0;0;0;0
N;2026-05-27 02:00;0;1;0;0;0;0;0;0;0;0;0;0
N;2026-05-27 03:00;0;2;0;0;0;0;0;0;0;0;0;0
N;2026-05-27 04:00;0;3;0;1;0;0;0;0;0;0;0;0
N;2026-05-27 05:00;0;10;0;5;0;0;0;0;1;0;0;0
N;2026-05-27 06:00;0;67;0;1;0;0;0;0;3;0;2;0
N;2026-05-27 07:00;0;54;0;6;1;0;0;0;0;0;0;0
N;2026-05-27 08:00;0;50;0;4;1;1;0;3;2;0;1;0
N;2026-05-27 09:00;0;41;0;5;4;1;0;1;1;0;2;1
N;2026-05-27 10:00;0;58;0;2;1;0;0;0;1;0;2;0
N;2026-05-27 11:00;0;49;0;4;1;0;0;0;2;0;1;0
N;2026-05-27 12:00;0;51;0;3;1;0;0;0;2;0;0;0
N;2026-05-27 13:00;0;66;0;4;0;0;0;0;3;1;3;0
N;2026-05-27 14:00;0;78;1;1;0;0;0;0;5;1;3;0
N;2026-05-27 15:00;0;61;0;0;0;0;0;0;5;1;1;0
N;2026-05-27 16:00;0;82;0;2;0;0;0;0;9;0;0;0
N;2026-05-27 17:00;1;66;0;2;0;0;1;0;8;1;2;1
N;2026-05-27 18:00;0;79;0;4;0;0;0;0;5;0;1;0
N;2026-05-27 19:00;0;57;0;3;0;0;0;0;2;0;1;0
N;2026-05-27 20:00;0;48;0;1;0;0;0;0;3;0;5;0
N;2026-05-27 21:00;0;34;0;0;0;0;0;0;0;0;1;0
N;2026-05-27 22:00;0;14;1;0;0;0;0;0;0;0;2;0
N;2026-05-27 23:00;0;8;0;0;0;0;0;0;0;0;0;0
